"tBodyAcc.mean...X","tBodyAcc.mean...Y","tBodyAcc.mean...Z","tBodyAcc.std...X","tBodyAcc.std...Y","tBodyAcc.std...Z","activity","Type"
0.32179415,-0.02848843,-0.14481572,-0.23959216,0.011689639,-0.36847044,"WALKING","Train"
0.26108077,-0.015635621,-0.10258842,-0.17123888,0.20123607,-0.26158873,"WALKING","Train"
0.25643361,-0.019301241,-0.10237117,-0.43567423,-0.17540807,-0.44496585,"WALKING","Train"
0.24898582,-0.053664698,-0.25543912,-0.32976142,0.19176801,-0.26289072,"WALKING","Train"
0.34790061,-0.018431216,-0.14247895,-0.32100965,-0.07744757,-0.42110701,"WALKING","Train"
0.29097148,-0.027810418,-0.042982545,-0.1393703,0.038038012,-0.26684056,"WALKING","Train"
0.1801943,-0.017796846,-0.039347036,-0.37654341,0.023526725,-0.24705158,"WALKING","Train"
0.256935,-0.010577401,-0.10544192,-0.23004356,0.18733455,-0.16425491,"WALKING","Train"
0.29855414,0.00079445569,-0.040695674,-0.19810732,-0.0046376926,-0.18503809,"WALKING","Train"
0.22247974,-0.0062025184,-0.079425955,-0.35657301,0.24885114,-0.32057072,"WALKING","Train"
0.21875287,-0.030280572,-0.12122729,-0.25203401,-0.10614225,-0.3333992,"WALKING","Train"
0.23398475,0.0077570244,-0.087513687,-0.37757179,0.058069745,-0.33323408,"WALKING","Train"
0.24608919,-0.016175423,-0.11188336,-0.22179285,0.067040367,-0.30151426,"WALKING","Train"
0.22251789,-0.015582132,-0.10349692,-0.2890912,0.24541959,-0.3089648,"WALKING","Train"
0.30583985,-0.0021923253,-0.12497137,-0.30930011,0.19143432,-0.31795237,"WALKING","Train"
0.20201055,-0.0090379452,-0.079095855,-0.2207697,0.12313624,-0.22163812,"WALKING","Train"
0.30363491,-0.014656769,-0.042613832,-0.21530926,0.12091731,-0.2186594,"WALKING","Train"
0.35919361,-0.018079718,-0.07234686,-0.26279787,0.057066065,-0.24801678,"WALKING","Train"
0.33156003,-0.0074950152,-0.13173868,-0.24591692,0.10293816,-0.23307559,"WALKING","Train"
0.20356167,-0.03050523,-0.13709513,-0.2469644,0.29855783,-0.20575302,"WALKING","Train"
0.28056095,-0.011424653,-0.15619795,-0.2739845,0.25843788,-0.22578754,"WALKING","Train"
0.27623973,-0.029638413,-0.14261631,-0.22657692,0.16428792,-0.12254496,"WALKING","Train"
0.28772456,-0.038921811,-0.12101893,-0.34519934,0.065631103,-0.37491204,"WALKING","Train"
0.32746543,-0.03566696,-0.18182373,-0.36722034,0.034414774,-0.19402335,"WALKING","Train"
0.30159413,-0.044653002,-0.081513949,-0.17845378,0.24283356,-0.14486824,"WALKING","Train"
0.15618659,-0.049614593,-0.11290104,-0.29692418,0.17556848,-0.25404159,"WALKING","Train"
0.29644415,0.014086002,-0.010259465,-0.33430802,0.084803856,-0.26422618,"WALKING","Train"
0.39824941,0.027317684,-0.062956416,-0.28590377,0.16232262,-0.21103155,"WALKING","Train"
0.32858963,-0.023303338,-0.081835606,-0.26935316,0.26706359,-0.24431484,"WALKING","Train"
0.24003888,-0.017441822,-0.085922906,-0.2719562,0.16648261,-0.30453569,"WALKING","Train"
0.2784596,-0.023397895,-0.13045484,-0.27710217,0.12280051,-0.31427242,"WALKING","Train"
0.30804575,-0.023300458,-0.07970154,-0.19869979,0.13432199,-0.17723723,"WALKING","Train"
0.36888214,-0.02332779,-0.12545936,-0.30800677,-0.073204943,-0.37415269,"WALKING","Train"
0.25486723,0.0038147234,-0.12365809,-0.27515786,0.013079871,-0.28437131,"WALKING","Train"
0.34337048,-0.014446221,-0.16737697,-0.22992354,0.17391077,-0.21338751,"WALKING","Train"
0.30830537,-0.019882845,-0.16044667,-0.4390001,0.0033127826,-0.20853766,"WALKING","Train"
0.25546822,0.021219063,-0.048949431,-0.22453699,0.022312942,-0.11319624,"WALKING","Train"
0.32113983,0.0015817951,-0.043553705,-0.23395567,0.034774517,-0.16193047,"WALKING","Train"
0.2346659,-0.049547719,-0.11175723,-0.24708664,0.055164926,-0.20856333,"WALKING","Train"
0.22172674,-0.02437697,-0.075076407,-0.11171737,0.11113028,-0.22183256,"WALKING","Train"
0.2769154,-0.03548621,-0.080569176,-0.26294183,0.11127781,-0.21270027,"WALKING","Train"
0.20530739,-0.0085082782,-0.11964696,-0.2607049,0.027917204,-0.2265457,"WALKING","Train"
0.35878664,-0.016954505,-0.15477656,-0.2514616,0.27005499,-0.18501917,"WALKING","Train"
0.27324282,0.0060649186,-0.088320786,-0.39408486,0.04395901,-0.28070637,"WALKING","Train"
0.28151325,-0.040800898,-0.13467496,-0.20097415,0.13235411,-0.22023423,"WALKING","Train"
0.30388542,0.0027680377,-0.038613087,-0.16865626,0.19033573,-0.1404726,"WALKING","Train"
0.3541929,-0.012560935,-0.058680943,-0.20842457,0.23479071,-0.15926287,"WALKING","Train"
0.33614928,-0.023240895,-0.17409769,-0.54884909,-0.24749624,-0.4477226,"WALKING","Train"
0.34063254,-0.05490863,-0.17853462,-0.2526576,0.058013828,-0.36860178,"WALKING","Train"
0.24795242,-0.025486891,-0.11879132,-0.42451869,-0.11387217,-0.47409884,"WALKING","Train"
0.28703017,-0.02723993,-0.11750002,-0.31223717,0.12700096,-0.2522831,"WALKING","Train"
0.27851827,-0.019819862,-0.11280559,-0.42950763,-0.11857367,-0.37158625,"WALKING","Train"
0.28431748,-0.027205815,-0.21230304,-0.18344442,0.14107588,-0.22568941,"WALKING","Train"
0.29272439,-0.0021398385,-0.14034852,-0.25253682,0.041978126,-0.27523889,"WALKING","Train"
0.23285893,0.0060932862,-0.10962065,-0.33592545,0.0095717473,-0.33207839,"WALKING","Train"
0.29453204,-0.02786412,-0.081474665,-0.37840173,-0.05473626,-0.41670574,"WALKING","Train"
0.26703075,-0.016815551,-0.086034479,-0.38199465,-0.13979056,-0.42401574,"WALKING","Train"
0.2374203,-0.032180843,-0.10108536,-0.31433431,-0.1097653,-0.36223296,"WALKING","Train"
0.22442754,-0.031464353,-0.12726298,-0.39294444,-0.020678437,-0.26338558,"WALKING","Train"
0.24745185,-0.0054215092,-0.10959878,-0.39738762,-0.14434032,-0.37197274,"WALKING","Train"
0.25841772,-0.018317884,-0.13899403,-0.42381627,-0.16514783,-0.41008532,"WALKING","Train"
0.28972747,0.01534272,-0.11667518,-0.36879989,-0.083343414,-0.26334666,"WALKING","Train"
0.293718,0.0054011672,-0.094846491,-0.35979881,-0.069840761,-0.35289195,"WALKING","Train"
0.29286452,-0.040265291,-0.15077284,-0.25015985,0.18840369,-0.26921057,"WALKING","Train"
0.23841102,-0.023196389,-0.11255181,-0.31993668,0.027333313,-0.18198057,"WALKING","Train"
0.25499622,-0.054201115,-0.15021167,-0.63980361,-0.25830983,-0.43803436,"WALKING","Train"
0.21856391,-0.009333407,-0.083282963,-0.55891934,-0.2464792,-0.48529921,"WALKING","Train"
0.26484622,0.0065977921,-0.11285587,-0.4571696,0.0019006639,-0.42838236,"WALKING","Train"
0.2895603,-0.031446345,-0.11074412,-0.37715119,-0.03838621,-0.3465374,"WALKING","Train"
0.25242505,0.0062773455,-0.12518006,-0.2372253,0.22348838,-0.22901343,"WALKING","Train"
0.30699599,-0.01378698,-0.18016197,-0.23902985,0.072865343,-0.24720444,"WALKING","Train"
0.26682128,-0.018607495,-0.1298046,-0.33237483,0.18823401,-0.32867865,"WALKING","Train"
0.28656754,0.020619282,-0.092535898,-0.35839925,0.18479877,-0.36006365,"WALKING","Train"
0.28144069,0.022608484,-0.005444201,-0.34252464,-0.080140599,-0.41949257,"WALKING","Train"
0.27052,-0.016289773,-0.10293667,-0.33908433,0.092647463,-0.31971163,"WALKING","Train"
0.31035963,-0.054635143,-0.13912115,-0.29919627,0.13141489,-0.31102445,"WALKING","Train"
0.24546849,-0.050384644,-0.11059426,-0.29758875,0.0071145837,-0.43040721,"WALKING","Train"
0.20231704,-0.035684596,-0.11827706,-0.34447935,-0.068722885,-0.4196056,"WALKING","Train"
0.23177399,0.0049371571,-0.11435794,-0.37136563,-0.014434898,-0.44600462,"WALKING","Train"
0.2736521,0.0051452093,-0.1154417,-0.40807585,0.061824991,-0.46385953,"WALKING","Train"
0.27287741,-0.033118448,-0.086875067,-0.41689754,-0.080907271,-0.3690575,"WALKING","Train"
0.31263404,-0.026367749,-0.13095121,-0.3530986,-0.01738215,-0.1278076,"WALKING","Train"
0.23003885,-0.022024777,-0.097875785,-0.32457504,0.051074897,-0.37396061,"WALKING","Train"
0.27194632,0.0038772773,-0.053688526,-0.31490797,0.074906345,-0.33522049,"WALKING","Train"
0.28618516,0.00078622212,-0.14347148,-0.32635456,0.015934321,-0.32708994,"WALKING","Train"
0.34625374,-0.018934595,-0.071284752,-0.35249848,-0.004831567,-0.33148377,"WALKING","Train"
0.32599307,-0.016638474,-0.05512912,-0.30868231,0.070430284,-0.35990198,"WALKING","Train"
0.22009445,-0.021543101,-0.15073743,-0.28176717,0.19933832,-0.31132134,"WALKING","Train"
0.29658487,-0.0031571521,-0.13154315,-0.49560707,-0.21113597,-0.47379734,"WALKING","Train"
0.23948442,-0.017132916,-0.12317001,-0.35064883,0.16141265,-0.30091302,"WALKING","Train"
0.33216933,-0.034585828,-0.15926922,-0.29396729,0.18968054,-0.22527463,"WALKING","Train"
0.28051914,-0.018843872,-0.21913175,-0.30515844,0.013337442,-0.31013735,"WALKING","Train"
0.34708066,-0.037003662,-0.1313715,-0.26686437,0.19113155,-0.29269185,"WALKING","Train"
0.33117237,-0.028691115,-0.10839138,-0.21781204,0.20800249,-0.28776029,"WALKING","Train"
0.1902231,-0.038897051,-0.09869604,-0.33110714,0.044813142,-0.3538676,"WALKING","Train"
0.3490591,-0.022003784,-0.15005217,-0.30312548,0.15260681,-0.17429778,"WALKING","Train"
0.28375642,-0.025635447,-0.12219085,-0.30994762,0.18795735,-0.31514367,"WALKING","Train"
0.34859482,-0.0092913878,-0.048420161,-0.29625224,0.18386365,-0.34128475,"WALKING","Train"
0.23965834,-0.021141409,-0.072926017,-0.31352629,-0.079865315,-0.32809034,"WALKING","Train"
0.21453672,-0.032810366,-0.1237505,-0.31414012,0.16878457,-0.3145,"WALKING","Train"
0.29668098,-0.04271512,-0.10477623,-0.23072671,0.20955781,-0.26290057,"WALKING","Train"
0.23995826,-0.0097107196,-0.12197022,-0.37078412,-0.072025636,-0.30167375,"WALKING","Train"
0.27305549,-0.018221127,-0.12811291,-0.33635511,0.10671783,-0.31968811,"WALKING","Train"
0.23887121,0.0076402593,-0.1059361,-0.19725721,0.14511247,-0.27211877,"WALKING","Train"
0.29966975,0.01773035,-0.10341476,-0.46670338,0.0020757178,-0.38324488,"WALKING","Train"
0.28562929,-0.033009184,-0.12127097,-0.23330104,0.17256407,-0.21267648,"WALKING","Train"
0.27631796,-0.0012859649,-0.14715666,-0.39858581,-0.12876599,-0.37720013,"WALKING","Train"
0.26468173,-0.0085919266,-0.10297373,-0.36323752,0.036867249,-0.24415899,"WALKING","Train"
0.25584075,-0.064550029,-0.095186339,-0.22920689,0.016506077,-0.26031088,"WALKING","Train"
0.22349818,-0.0047644234,-0.05482505,-0.29879787,-0.11590104,-0.31780545,"WALKING","Train"
0.28111697,0.0073702798,-0.12225809,-0.38576737,0.086354768,-0.30140401,"WALKING","Train"
0.28202157,-0.037696218,-0.1348973,-0.32828019,-0.13715339,-0.18908594,"WALKING","Train"
0.27072544,-0.011880203,-0.08906095,-0.37183144,-0.14990416,-0.36871959,"WALKING","Train"
0.29542323,0.0030962138,-0.12756327,-0.4028771,0.092371244,-0.334305,"WALKING","Train"
0.22003494,-0.0078731854,-0.10586088,-0.32585087,0.069516573,-0.33598457,"WALKING","Train"
0.22667958,-0.036078863,-0.13872566,-0.37645875,0.084023999,-0.30097474,"WALKING","Train"
0.2408087,-0.00050888361,-0.095617951,-0.23763498,0.15699169,-0.27673339,"WALKING","Train"
0.29672786,-0.0079559289,-0.12024131,-0.28354284,0.058916836,-0.30836856,"WALKING","Train"
0.21448125,0.0099387454,-0.123073,-0.20551618,0.1060062,-0.21092443,"WALKING","Train"
0.36562924,-0.020382593,-0.089326453,-0.18660819,0.19409125,-0.2567271,"WALKING","Train"
0.25012584,-0.02268563,-0.064799659,-0.44418133,-0.0022360513,-0.29624361,"WALKING","Train"
0.22229785,-0.018659683,-0.11718642,-0.22054434,0.16981657,-0.21230566,"WALKING","Train"
0.32551283,-0.030425049,-0.090442602,-0.32426515,0.18394759,-0.33298202,"WALKING","Train"
0.28384717,-0.0030528987,-0.12795043,-0.33090335,0.17223651,-0.32623559,"WALKING","Train"
0.27330795,-0.042960517,-0.11741912,-0.19571727,0.22052185,-0.26013583,"WALKING","Train"
0.32731657,-0.022255821,-0.1491439,-0.24864532,0.13322913,-0.17954697,"WALKING","Train"
0.28541537,0.016833852,-0.10688354,-0.32400881,0.12961937,-0.012624312,"WALKING_UPSTAIRS","Train"
0.31672153,-0.023908255,-0.1107584,-0.42147434,-0.0054979851,-0.017909026,"WALKING_UPSTAIRS","Train"
0.34402821,-0.035875128,-0.094238465,-0.39707126,0.1676057,-0.045335084,"WALKING_UPSTAIRS","Train"
0.33299252,-0.030312276,-0.11360054,-0.42752783,-0.12121388,-0.090093246,"WALKING_UPSTAIRS","Train"
0.27278629,-0.034461224,-0.12698147,-0.35126893,-0.08365077,0.039705168,"WALKING_UPSTAIRS","Train"
0.26760132,-0.032814137,-0.1130729,-0.29075078,0.02822813,-0.011504239,"WALKING_UPSTAIRS","Train"
0.26034404,-0.03367069,-0.12730182,-0.43384531,-0.2376815,-0.073172704,"WALKING_UPSTAIRS","Train"
0.22969556,-0.05216571,-0.11179085,-0.34368292,-0.17038844,-0.051609335,"WALKING_UPSTAIRS","Train"
0.27425493,-0.028953751,-0.15558324,-0.39644844,-0.096768344,-0.038192465,"WALKING_UPSTAIRS","Train"
0.25960382,-0.018097161,-0.11447381,-0.35222794,0.048864663,-0.078109362,"WALKING_UPSTAIRS","Train"
0.17331223,-0.10352888,-0.24207289,-0.31355264,0.063103226,-0.29401199,"WALKING_UPSTAIRS","Train"
0.22622757,-0.053718943,-0.11252061,-0.35092567,-0.0092982343,0.0077882978,"WALKING_UPSTAIRS","Train"
0.26439312,0.0091204488,-0.10478296,-0.34798021,0.14039597,0.011393719,"WALKING_UPSTAIRS","Train"
0.34408292,-0.019665159,-0.14195199,-0.36118484,0.019695865,-0.10072484,"WALKING_UPSTAIRS","Train"
0.29569289,-0.017291,-0.099927816,-0.35712019,0.04116528,-0.091122383,"WALKING_UPSTAIRS","Train"
0.23033751,-0.021806697,-0.11877561,-0.36143839,-0.14781189,-0.022630007,"WALKING_UPSTAIRS","Train"
0.24748304,0.00056547901,-0.07518192,-0.27154102,0.041668432,-0.090538224,"WALKING_UPSTAIRS","Train"
0.21800676,-0.074887013,-0.052703157,-0.23076185,0.026464865,0.083795658,"WALKING_UPSTAIRS","Train"
0.32002946,-0.022273059,-0.087360494,-0.43866493,-0.1582512,-0.47340607,"WALKING_UPSTAIRS","Train"
0.27918273,-0.036965677,-0.13360426,-0.35903189,-0.12411225,-0.10286776,"WALKING_UPSTAIRS","Train"
0.27771111,-0.0089315038,-0.081181352,-0.45755795,-0.20956424,0.007230816,"WALKING_UPSTAIRS","Train"
0.24404031,-0.030303589,-0.11363494,-0.30974265,0.13725268,-0.022657787,"WALKING_UPSTAIRS","Train"
0.17984498,0.00037919422,-0.11352439,-0.40945186,-0.12497601,-0.3960231,"WALKING_UPSTAIRS","Train"
0.35930724,-0.037890725,-0.14053428,-0.38594961,-0.13441368,-0.45406162,"WALKING_UPSTAIRS","Train"
0.37052032,-0.008881052,-0.15190137,-0.44266976,0.12090121,0.057691449,"WALKING_UPSTAIRS","Train"
0.30116241,-0.0017592965,-0.10683037,-0.36266589,0.0012200422,-0.11153777,"WALKING_UPSTAIRS","Train"
0.23124563,-0.0072225043,-0.034995546,-0.47091075,0.011840328,-0.055521071,"WALKING_UPSTAIRS","Train"
0.18944069,-0.0027834942,-0.065808412,-0.35832594,0.090007086,-0.010481305,"WALKING_UPSTAIRS","Train"
0.30968525,-0.026232277,-0.062244884,-0.31833271,0.03717503,-0.066831254,"WALKING_UPSTAIRS","Train"
0.2739514,-0.02879277,-0.011273408,-0.40008864,0.2194786,-0.4038993,"WALKING_UPSTAIRS","Train"
0.2795809,-0.029329514,-0.13687861,-0.26821263,-0.0077412973,0.075540628,"WALKING_UPSTAIRS","Train"
0.28068106,-0.0047294571,-0.12071994,-0.32106292,-0.022247285,0.014183776,"WALKING_UPSTAIRS","Train"
0.18360372,-0.076558729,-0.0469561,-0.36751584,-0.099160728,0.020546431,"WALKING_UPSTAIRS","Train"
0.40464083,-0.014041612,-0.051365573,-0.46490914,-0.22670495,-0.53297738,"WALKING_UPSTAIRS","Train"
0.3259736,-0.011531985,-0.08532991,-0.41495731,-0.1377152,-0.44752978,"WALKING_UPSTAIRS","Train"
0.29942617,-0.010201837,-0.11816594,-0.37005693,0.14772068,0.0058372054,"WALKING_UPSTAIRS","Train"
0.21803742,-0.014925637,-0.091867688,-0.38980728,-0.16655681,-0.46987246,"WALKING_UPSTAIRS","Train"
0.20297773,0.0074192704,-0.09300039,-0.40005022,0.1240575,-0.11489283,"WALKING_UPSTAIRS","Train"
0.16085356,-0.067771871,-0.048164595,-0.34684302,-0.019299141,-0.077876979,"WALKING_UPSTAIRS","Train"
0.25244236,-0.015507321,-0.070093738,-0.27990531,0.11832364,-0.0016726622,"WALKING_UPSTAIRS","Train"
0.19737448,-0.023080695,-0.10202009,-0.36489253,0.0048352899,-0.055331312,"WALKING_UPSTAIRS","Train"
0.25025528,0.0077234474,-0.058462756,-0.38835593,-0.029383066,0.054298832,"WALKING_UPSTAIRS","Train"
0.058825669,-0.1086128,-0.076527896,-0.46700175,-0.13779586,-0.41498046,"WALKING_UPSTAIRS","Train"
0.25745284,-0.04335044,-0.11694851,-0.29193415,0.043031668,0.06003576,"WALKING_UPSTAIRS","Train"
0.21824853,-0.033435546,-0.11611135,-0.43347147,-0.11766829,-0.42793375,"WALKING_UPSTAIRS","Train"
0.29341097,-0.018714518,-0.066159078,-0.36815735,0.09566293,-0.019262368,"WALKING_UPSTAIRS","Train"
0.17993953,-0.06017359,-0.017653749,-0.32150106,-0.031978323,0.025549108,"WALKING_UPSTAIRS","Train"
0.22588802,-0.021954576,-0.1080066,-0.3732994,-0.050919135,0.0040737059,"WALKING_UPSTAIRS","Train"
0.27147742,-0.030746091,-0.15623238,-0.34169859,-0.15299856,0.021435303,"WALKING_UPSTAIRS","Train"
0.26248578,-0.029029148,-0.088647354,-0.35728131,0.12918764,-0.30100373,"WALKING_UPSTAIRS","Train"
0.2303099,0.0021737117,-0.043103131,-0.33525447,-0.020443574,0.03120999,"WALKING_UPSTAIRS","Train"
0.29261951,-0.013621795,-0.092397696,-0.28356228,0.22950106,-0.02729767,"WALKING_UPSTAIRS","Train"
0.26001212,-0.030019182,-0.10970412,-0.2988334,-0.012421462,0.0076330751,"WALKING_UPSTAIRS","Train"
0.21524532,-0.032628002,-0.11896558,-0.40674365,-0.06891508,0.025753713,"WALKING_UPSTAIRS","Train"
0.28930934,-0.039572283,-0.12029202,-0.33335296,0.053256497,-0.035072073,"WALKING_UPSTAIRS","Train"
0.32955346,-0.045809874,-0.068692746,-0.34616447,-0.088366342,0.061060465,"WALKING_UPSTAIRS","Train"
0.35614452,0.0033888051,-0.14063527,-0.40551511,-0.17319496,-0.32112649,"WALKING_UPSTAIRS","Train"
0.21462352,-0.026791078,-0.10251064,-0.36894883,0.072591879,-0.011131482,"WALKING_UPSTAIRS","Train"
0.27386865,-0.011459277,-0.1538041,-0.37518863,0.015384127,-0.0047366779,"WALKING_UPSTAIRS","Train"
0.2732136,-0.012546631,-0.12786494,-0.4461546,0.0095902307,-0.03125736,"WALKING_UPSTAIRS","Train"
0.23145946,-0.013340312,-0.092367982,-0.316791,-0.11425996,-0.07121696,"WALKING_UPSTAIRS","Train"
0.18359029,-0.020857894,-0.052463899,-0.4117737,0.059014639,-0.035968252,"WALKING_UPSTAIRS","Train"
0.23826921,0.00012396818,-0.093751617,-0.33425483,-0.050864743,-0.021822318,"WALKING_UPSTAIRS","Train"
0.14085877,-0.068261729,-0.072115723,-0.23449858,-0.079448995,-0.03366354,"WALKING_UPSTAIRS","Train"
0.15851651,0.0042561454,-0.018779209,-0.40602178,-0.083613613,-0.012498101,"WALKING_UPSTAIRS","Train"
0.35845532,0.017975385,-0.084159118,-0.17198789,-0.18833245,-0.39955531,"WALKING_DOWNSTAIRS","Train"
0.29995717,0.014082123,-0.082310404,0.069268419,0.057800324,-0.23505028,"WALKING_DOWNSTAIRS","Train"
0.33584724,0.011445562,-0.080037372,0.0066364545,-0.27134207,-0.12975529,"WALKING_DOWNSTAIRS","Train"
0.27395574,-0.022899292,-0.12725614,-0.1333824,0.13226521,-0.3361737,"WALKING_DOWNSTAIRS","Train"
0.18594631,-0.011803726,-0.036139711,-0.0080676017,-0.09522339,-0.11369029,"WALKING_DOWNSTAIRS","Train"
0.43503687,-0.0065917495,-0.082909932,0.078451291,-0.098710248,-0.26404564,"WALKING_DOWNSTAIRS","Train"
0.28155172,-0.016110289,-0.14009252,-0.094665347,-0.007347987,-0.34749167,"WALKING_DOWNSTAIRS","Train"
0.16496565,-0.012368938,-0.2205622,-0.039304605,0.058972318,-0.46622148,"WALKING_DOWNSTAIRS","Train"
0.27763311,-0.03726758,-0.10002093,-0.021760423,-0.032132086,-0.19655791,"WALKING_DOWNSTAIRS","Train"
0.1954509,-0.0087076916,-0.10560986,-0.10314719,-0.18798116,-0.48696159,"WALKING_DOWNSTAIRS","Train"
0.3139389,-0.028131107,-0.1535226,-0.045620942,0.063968128,-0.24882181,"WALKING_DOWNSTAIRS","Train"
0.30171512,-0.0070493914,-0.093681451,-0.040142869,-0.14142127,-0.32583132,"WALKING_DOWNSTAIRS","Train"
0.2038278,-0.0001716803,-0.083073081,0.017821599,0.042601791,-0.15828351,"WALKING_DOWNSTAIRS","Train"
0.26537379,-0.017156211,-0.13877347,0.12036221,0.083343662,-0.22198362,"WALKING_DOWNSTAIRS","Train"
0.20714979,-0.0034351025,-0.14330782,-0.011734025,-0.26185695,-0.19676744,"WALKING_DOWNSTAIRS","Train"
0.28134949,-0.0007098312,-0.0086999005,0.1466405,-0.15760804,-0.24012018,"WALKING_DOWNSTAIRS","Train"
0.40209809,-0.040365788,-0.072894129,0.10621877,0.09549215,-0.16651317,"WALKING_DOWNSTAIRS","Train"
0.21070047,-0.005968762,-0.1095915,-0.064215283,-0.20213904,-0.32766382,"WALKING_DOWNSTAIRS","Train"
0.41024452,-0.0079768275,-0.1694751,0.043013494,0.30920272,-0.21783679,"WALKING_DOWNSTAIRS","Train"
0.34355324,-0.024165905,-0.017703843,0.062287515,0.15837942,-0.30101279,"WALKING_DOWNSTAIRS","Train"
0.44562097,-0.011902709,-0.15116909,0.11820941,-0.051036543,-0.14692209,"WALKING_DOWNSTAIRS","Train"
0.1669136,-0.03373288,-0.13334869,0.052910086,0.26572452,-0.21271262,"WALKING_DOWNSTAIRS","Train"
0.3444907,0.021733464,-0.20394047,-0.055044996,-0.27106066,-0.32702891,"WALKING_DOWNSTAIRS","Train"
0.4699458,-0.033624109,-0.1412542,0.11546276,0.019113399,-0.03447136,"WALKING_DOWNSTAIRS","Train"
0.1686636,0.052146924,-0.082792774,-0.093625911,0.13379801,-0.35783722,"WALKING_DOWNSTAIRS","Train"
0.2860648,0.016799817,-0.16313273,0.030550912,-0.19581464,-0.21811161,"WALKING_DOWNSTAIRS","Train"
0.21537091,-0.045299636,-0.10234205,-0.11294275,0.14702144,-0.26199646,"WALKING_DOWNSTAIRS","Train"
0.35382353,-0.024879552,-0.086384343,0.19370605,-0.074865049,-0.13331885,"WALKING_DOWNSTAIRS","Train"
0.27705363,-0.025718815,-0.23881834,0.38913452,0.45906449,-0.16586703,"WALKING_DOWNSTAIRS","Train"
0.26688016,-0.0023073023,-0.063727153,-0.049966361,-0.24740345,-0.25858891,"WALKING_DOWNSTAIRS","Train"
0.19239073,0.015226187,-0.16339996,0.10612827,-0.10736427,-0.2458083,"WALKING_DOWNSTAIRS","Train"
0.36248249,-0.0035526939,-0.18104462,0.24954917,-0.21185711,-0.16926229,"WALKING_DOWNSTAIRS","Train"
0.20876832,0.030679246,0.037288816,0.21587644,0.09203179,-0.29645563,"WALKING_DOWNSTAIRS","Train"
0.25994947,-0.022679831,-0.10227613,-0.0057662148,0.092542018,-0.2539217,"WALKING_DOWNSTAIRS","Train"
0.23528441,-0.014570467,-0.20841776,0.099089605,0.3007347,-0.2064967,"WALKING_DOWNSTAIRS","Train"
0.40796171,-0.035302397,-0.12883223,-0.022782299,0.13116075,-0.22763156,"WALKING_DOWNSTAIRS","Train"
0.3581001,-0.072325023,-0.10349534,0.23308714,0.24376997,-0.33187565,"WALKING_DOWNSTAIRS","Train"
0.35619073,-0.051817875,-0.15934525,0.037342853,0.04661114,-0.10408937,"WALKING_DOWNSTAIRS","Train"
0.23179921,-0.0075220252,-0.055801013,0.063689044,-0.017154892,-0.23035782,"WALKING_DOWNSTAIRS","Train"
0.25170106,0.0035481818,-0.052847095,-0.22203471,-0.20711936,-0.41034806,"WALKING_DOWNSTAIRS","Train"
0.32805345,-0.063723457,-0.14756405,0.12747722,0.27081407,-0.088206823,"WALKING_DOWNSTAIRS","Train"
0.28521305,-0.020202459,-0.011024206,0.12298877,0.08194572,0.049997153,"WALKING_DOWNSTAIRS","Train"
0.29010859,0.032174046,-0.048561434,0.19366618,-0.1310275,-0.21649927,"WALKING_DOWNSTAIRS","Train"
0.26097364,0.0051912105,-0.14623831,8.4312071e-05,-0.17092973,-0.309355,"WALKING_DOWNSTAIRS","Train"
0.26749864,-0.018319479,-0.16901282,-0.041248287,-0.13421251,-0.31053548,"WALKING_DOWNSTAIRS","Train"
0.29724979,-0.042621318,-0.1410546,-0.023721581,0.046509012,-0.2925929,"WALKING_DOWNSTAIRS","Train"
0.29480972,0.0090315446,-0.069136514,0.27909492,0.42939655,-0.062816826,"WALKING_DOWNSTAIRS","Train"
0.15439416,0.0016045166,-0.010548619,-0.023648539,-0.19748806,-0.29180071,"WALKING_DOWNSTAIRS","Train"
0.22966134,0.026781905,-0.18932387,0.021919427,-0.16368866,-0.22151114,"WALKING_DOWNSTAIRS","Train"
0.40137358,-0.057840219,-0.0028824215,-0.28263842,-0.081178636,-0.46870791,"WALKING_DOWNSTAIRS","Train"
0.20535149,-0.0038073578,-0.032628831,0.019304723,-0.22962531,-0.30764605,"WALKING_DOWNSTAIRS","Train"
0.22259283,-0.02449569,-0.15388612,-0.072577201,0.034805649,-0.22878613,"WALKING_DOWNSTAIRS","Train"
0.35119884,0.021866728,-0.1494262,0.076174685,-0.10048684,-0.29808742,"WALKING_DOWNSTAIRS","Train"
0.17659603,-0.022868866,-0.1079376,0.14695714,0.17319545,-0.28780461,"WALKING_DOWNSTAIRS","Train"
0.31277629,-0.050409373,-0.043028643,0.026284824,0.16827786,-0.18619953,"WALKING_DOWNSTAIRS","Train"
0.43396328,-0.013693566,-0.055880867,0.28818319,0.41733061,-0.28140454,"WALKING_DOWNSTAIRS","Train"
0.42595606,0.02456,-0.15095947,0.099239639,-0.038196632,-0.27249905,"WALKING_DOWNSTAIRS","Train"
0.38648994,-0.046074048,-0.11996797,-0.10078567,-0.20314847,-0.46610568,"WALKING_DOWNSTAIRS","Train"
0.36480638,-0.00010105371,-0.11660425,0.030793048,0.080244888,-0.28704822,"WALKING_DOWNSTAIRS","Train"
0.41983326,-0.056165676,-0.1553395,0.067272151,-0.03574553,-0.13243022,"WALKING_DOWNSTAIRS","Train"
0.17444228,-0.035646306,-0.13406221,-0.037179446,-0.008377,-0.4821842,"WALKING_DOWNSTAIRS","Train"
0.26005764,-0.05318923,-0.099270803,-0.10077559,-0.024831212,-0.50481631,"WALKING_DOWNSTAIRS","Train"
0.11336129,0.017742643,-0.10452548,0.14276397,0.10967151,-0.44234284,"WALKING_DOWNSTAIRS","Train"
0.3363213,0.01383788,-0.086847284,-0.12725945,0.1406321,-0.36335291,"WALKING_DOWNSTAIRS","Train"
0.31341697,-0.020404815,-0.050693901,-0.056839271,-0.12835923,-0.41892702,"WALKING_DOWNSTAIRS","Train"
0.39825953,0.016888494,-0.10681026,0.10988851,0.21255837,-0.39389224,"WALKING_DOWNSTAIRS","Train"
0.25079554,-0.0034577794,-0.070470363,0.084826725,-0.22972297,-0.20595883,"WALKING_DOWNSTAIRS","Train"
0.13046118,-0.05499692,-0.13178649,-0.10749685,0.10655765,-0.22750121,"WALKING_DOWNSTAIRS","Train"
0.28176742,-0.00072678829,-0.0730893,-0.1564209,0.032379442,-0.46487797,"WALKING_DOWNSTAIRS","Train"
0.20908092,-0.00072079571,-0.24063776,-0.10024798,-0.16663474,-0.5391391,"WALKING_DOWNSTAIRS","Train"
0.26361114,-0.012362911,-0.12641528,-0.11178402,-0.15387854,-0.42334076,"WALKING_DOWNSTAIRS","Train"
0.41043867,-0.064726783,-0.12377204,-0.019350819,0.066715357,-0.24792918,"WALKING_DOWNSTAIRS","Train"
0.22184689,0.034107675,-0.12361242,-0.81470826,-0.749418,-0.57189889,"SITTING","Train"
0.26788442,0.0060403153,-0.10005102,-0.99070115,-0.92357917,-0.98081865,"SITTING","Train"
0.2795534,-0.017001147,-0.11051668,-0.99607594,-0.99578152,-0.99822168,"SITTING","Train"
0.28725164,-0.037455064,-0.14597431,-0.98291504,-0.89160489,-0.94143811,"SITTING","Train"
0.27565662,-0.018430818,-0.10803572,-0.99579445,-0.98963606,-0.99237703,"SITTING","Train"
0.27687512,-0.01572964,-0.10257949,-0.99603521,-0.96890943,-0.97775593,"SITTING","Train"
0.27328142,-0.011127209,-0.10634926,-0.9958764,-0.9891107,-0.99341322,"SITTING","Train"
0.27746121,-0.017491016,-0.10635945,-0.99642843,-0.98467312,-0.99068266,"SITTING","Train"
0.26217511,-0.062819481,-0.15703615,-0.98819128,-0.76494728,-0.86407865,"SITTING","Train"
0.27554943,-0.014115159,-0.10899857,-0.99759949,-0.98525652,-0.9956526,"SITTING","Train"
0.27778196,-0.015873588,-0.11050438,-0.99692883,-0.98192492,-0.99671585,"SITTING","Train"
0.27725766,-0.014249297,-0.11220537,-0.99701597,-0.97768015,-0.9971403,"SITTING","Train"
0.27426151,-0.012264695,-0.10949351,-0.99386458,-0.97742116,-0.98933645,"SITTING","Train"
0.2799976,-0.019484036,-0.10572355,-0.99281839,-0.94035041,-0.98149266,"SITTING","Train"
0.28167526,-0.017778461,-0.12445165,-0.99334229,-0.98000584,-0.95723193,"SITTING","Train"
0.29075969,-0.02403476,-0.11673889,-0.97737449,-0.96384053,-0.96250503,"SITTING","Train"
0.29811757,-0.035646628,-0.11592994,-0.98983698,-0.9077711,-0.94644862,"SITTING","Train"
0.27790646,-0.017143471,-0.10985922,-0.99754662,-0.98715573,-0.99602656,"SITTING","Train"
0.27839415,-0.018437222,-0.1116638,-0.99718769,-0.99166889,-0.9986534,"SITTING","Train"
-0.041701306,0.17510248,0.025551778,-0.75839283,-0.58653735,-0.43911019,"SITTING","Train"
0.27750957,-0.016333594,-0.10989482,-0.99732911,-0.99400736,-0.99746062,"SITTING","Train"
0.27589441,-0.015358871,-0.096289703,-0.99701843,-0.97525649,-0.97462391,"SITTING","Train"
0.27463913,-0.014627271,-0.09635546,-0.99716864,-0.98468688,-0.98061832,"SITTING","Train"
0.27090823,-0.014412968,-0.10652245,-0.99385604,-0.9931787,-0.9934703,"SITTING","Train"
0.27853812,-0.016173432,-0.10970656,-0.99664602,-0.98297482,-0.99479797,"SITTING","Train"
0.28685725,-0.02272766,-0.14375749,-0.99086042,-0.96210003,-0.96813595,"SITTING","Train"
0.14450396,0.18926326,0.062769317,-0.90429967,-0.18193654,-0.44315051,"SITTING","Train"
0.2761599,-0.01332633,-0.10596005,-0.99595226,-0.9797755,-0.99271835,"SITTING","Train"
0.27873199,-0.018106346,-0.10781649,-0.99744243,-0.99194879,-0.990915,"SITTING","Train"
0.37655125,-0.11349946,-0.26823801,-0.92872396,-0.5416361,-0.82950547,"SITTING","Train"
0.27832678,-0.01757272,-0.10987181,-0.99741288,-0.99000297,-0.99533322,"SITTING","Train"
0.27771536,-0.017965805,-0.10457087,-0.99689601,-0.98872127,-0.99206321,"SITTING","Train"
0.27416643,-0.014211302,-0.09759523,-0.99660497,-0.98826708,-0.98976577,"SITTING","Train"
0.27394057,-0.013147584,-0.10543517,-0.99588454,-0.98801293,-0.98842553,"SITTING","Train"
0.27439932,-0.0017697185,-0.083310746,-0.99238173,-0.94651917,-0.96999119,"SITTING","Train"
0.27118439,-0.01149042,-0.089935247,-0.99451018,-0.97261577,-0.9791862,"SITTING","Train"
0.31076307,0.018053586,-0.20554844,-0.95014395,-0.84495603,-0.71965862,"SITTING","Train"
0.2645391,-0.019722322,-0.071903067,-0.99417215,-0.95024127,-0.96688076,"SITTING","Train"
0.28150539,-0.018434859,-0.11139287,-0.99546804,-0.98433022,-0.99099514,"SITTING","Train"
0.27727452,-0.011693149,-0.10258892,-0.99719472,-0.98421017,-0.98371764,"SITTING","Train"
0.27866687,-0.017999434,-0.11006327,-0.99763711,-0.99050786,-0.98937496,"SITTING","Train"
0.30368927,-0.0042428053,-0.15085028,-0.95650333,-0.83867155,-0.94300953,"SITTING","Train"
0.27559191,-0.013962574,-0.10788811,-0.99796584,-0.99362312,-0.99363071,"SITTING","Train"
0.27575308,-0.010254163,-0.10953993,-0.99600622,-0.98294879,-0.99649629,"SITTING","Train"
0.3256536,0.028817786,-0.032056785,-0.92064897,-0.20852269,-0.49648495,"SITTING","Train"
0.27635864,-0.016138088,-0.10803259,-0.99557733,-0.99454385,-0.99454372,"SITTING","Train"
0.27732739,0.019990398,-0.15202442,-0.97863024,-0.86290347,-0.89401078,"SITTING","Train"
0.2790872,-0.019083242,-0.10588882,-0.99572983,-0.97896723,-0.99139401,"SITTING","Train"
0.27798405,-0.017867041,-0.10694863,-0.99629013,-0.99311339,-0.99575029,"SITTING","Train"
0.27055607,-0.0061249184,-0.091966376,-0.99458739,-0.97123519,-0.98170581,"SITTING","Train"
0.26051905,0.0098193055,-0.078471122,-0.99158329,-0.95334623,-0.97217232,"SITTING","Train"
0.26297624,-0.00028737053,-0.17609097,-0.95017368,-0.61459668,-0.89803499,"SITTING","Train"
-0.18139412,0.32412953,0.12938955,-0.86725839,-0.58149634,-0.77724214,"SITTING","Train"
0.27682826,-0.016123297,-0.11023355,-0.99730948,-0.98660761,-0.98836119,"SITTING","Train"
0.23159725,-0.023177324,-0.064478524,-0.93633475,-0.89415473,-0.92309178,"SITTING","Train"
0.2785991,-0.019910142,-0.1111806,-0.99474489,-0.97949566,-0.98796152,"SITTING","Train"
0.23715407,0.0078251224,-0.12283791,-0.97995358,-0.86619341,-0.96829047,"SITTING","Train"
0.25401543,-0.010676678,-0.094228226,-0.98012661,-0.96997364,-0.97274171,"SITTING","Train"
0.27930326,-0.020521383,-0.11323643,-0.99584854,-0.98070075,-0.99340381,"SITTING","Train"
0.2731084,0.0065181116,-0.10947182,-0.99078294,-0.93506515,-0.99072156,"SITTING","Train"
0.27843225,-0.019654302,-0.10797029,-0.99439029,-0.98456278,-0.99198578,"SITTING","Train"
0.26963511,-0.0089314391,-0.089394709,-0.99713683,-0.96658737,-0.98559837,"SITTING","Train"
0.27564442,-0.015470231,-0.10820759,-0.99658306,-0.99050546,-0.99632901,"SITTING","Train"
0.27905615,-0.01626097,-0.11281565,-0.99501877,-0.97044631,-0.98926612,"SITTING","Train"
0.27500006,-0.018702893,-0.10325556,-0.97454162,-0.94355851,-0.9770404,"SITTING","Train"
0.27376357,-0.013785705,-0.10031331,-0.99742273,-0.98961235,-0.98297782,"SITTING","Train"
-0.0615055,0.17408171,0.031555899,-0.82614082,-0.32374064,-0.80769517,"SITTING","Train"
0.2733796,-0.0099401064,-0.10839283,-0.9955058,-0.98176748,-0.99347363,"SITTING","Train"
0.013903671,0.15329608,0.016242945,-0.80863778,-0.57274619,-0.62641542,"SITTING","Train"
0.27789697,-0.016519861,-0.1051797,-0.99697648,-0.98874615,-0.98827403,"SITTING","Train"
0.27259354,-0.0057626503,-0.10852663,-0.99759621,-0.98565524,-0.99025442,"SITTING","Train"
0.093068135,0.15040887,0.051458368,-0.87300274,-0.5372151,-0.75115427,"SITTING","Train"
0.27950407,-0.02047285,-0.12044462,-0.99174443,-0.96448565,-0.96252478,"SITTING","Train"
0.28858451,-0.020294171,-0.13290514,-0.9952786,-0.98311061,-0.91352645,"STANDING","Train"
0.28058569,-0.0099602983,-0.10606516,-0.99480344,-0.9727584,-0.98624387,"STANDING","Train"
0.27756171,-0.014318487,-0.10787724,-0.99790424,-0.99431129,-0.99595166,"STANDING","Train"
0.27944197,-0.023078631,-0.12332077,-0.95040019,-0.73578559,-0.89578907,"STANDING","Train"
0.28643265,-0.023842891,-0.12273754,-0.91558377,-0.71079378,-0.88022592,"STANDING","Train"
0.27729342,-0.021750698,-0.12075082,-0.99732847,-0.96124532,-0.98367156,"STANDING","Train"
0.28171549,-0.011910678,-0.10287513,-0.99853388,-0.98848901,-0.99318367,"STANDING","Train"
0.28981703,-0.010751748,-0.11994169,-0.99460871,-0.97444649,-0.91805537,"STANDING","Train"
0.26582646,-0.031669222,-0.083983249,-0.96275698,-0.90548205,-0.74880121,"STANDING","Train"
0.27605329,-0.015408535,-0.13171922,-0.95776847,-0.87828345,-0.87400661,"STANDING","Train"
0.26377017,-0.021187085,-0.081684886,-0.93028846,-0.85199826,-0.92050592,"STANDING","Train"
0.27088078,-0.038723153,-0.10844469,-0.92758569,-0.87699271,-0.92659154,"STANDING","Train"
0.27688027,-0.012721805,-0.10343832,-0.99481511,-0.97307692,-0.98535702,"STANDING","Train"
0.27715238,-0.017983328,-0.10660117,-0.99776322,-0.98995727,-0.99658567,"STANDING","Train"
0.27456461,-0.027991273,-0.12256318,-0.99267024,-0.9720654,-0.96536988,"STANDING","Train"
0.26924174,-0.025529403,-0.10009175,-0.99379009,-0.97492825,-0.98577906,"STANDING","Train"
0.29794572,0.027093908,-0.061668123,-0.98864079,-0.8166986,-0.90190653,"STANDING","Train"
0.27899267,-0.014531029,-0.10659617,-0.99805969,-0.98606983,-0.99342424,"STANDING","Train"
0.27884783,-0.01531619,-0.10701234,-0.99835991,-0.98394066,-0.99173879,"STANDING","Train"
0.28410731,-0.010061076,-0.10173142,-0.97794234,-0.94569183,-0.97381725,"STANDING","Train"
0.27010097,-0.023550544,-0.10116623,-0.98775338,-0.95635912,-0.97731454,"STANDING","Train"
0.27319016,-0.023302776,-0.10721116,-0.99510697,-0.96480256,-0.98619118,"STANDING","Train"
0.28011247,-0.012618021,-0.10563723,-0.9974352,-0.98810605,-0.99066992,"STANDING","Train"
0.27622817,-0.021441302,-0.10820234,-0.99824595,-0.98721376,-0.99272659,"STANDING","Train"
0.2756763,-0.021264234,-0.11080122,-0.99786211,-0.99009076,-0.99459257,"STANDING","Train"
0.27952882,-0.016447003,-0.10626443,-0.99756365,-0.99105623,-0.99385897,"STANDING","Train"
0.2813921,-0.0123645,-0.10487937,-0.9977856,-0.99440296,-0.99412109,"STANDING","Train"
0.27920345,-0.023020143,-0.12208028,-0.99683904,-0.97484812,-0.98338551,"STANDING","Train"
0.27573444,-0.01801884,-0.10677578,-0.99925496,-0.99366888,-0.9941888,"STANDING","Train"
0.27938002,-0.01543831,-0.11126972,-0.99789716,-0.99152482,-0.99924206,"STANDING","Train"
0.27734354,-0.01565033,-0.10844766,-0.99786452,-0.99265102,-0.99945444,"STANDING","Train"
0.27841883,-0.016410568,-0.12352019,-0.99824528,-0.97530022,-0.96032199,"STANDING","Train"
0.27556818,-0.016979698,-0.11142918,-0.99781139,-0.9905223,-0.99762104,"STANDING","Train"
0.27796276,-0.015040946,-0.10639918,-0.99722941,-0.98963355,-0.99267588,"STANDING","Train"
0.278457,-0.020414761,-0.11273172,-0.99913488,-0.98468004,-0.99627424,"STANDING","Train"
0.2792002,-0.017714427,-0.10916135,-0.99838929,-0.98730784,-0.99083159,"STANDING","Train"
0.26731751,-0.032355179,-0.062924067,-0.96374154,-0.86510151,-0.86847195,"STANDING","Train"
0.28335241,-0.010728703,-0.11733272,-0.99305621,-0.96502174,-0.99043997,"STANDING","Train"
0.26927723,-0.032606502,-0.13028676,-0.97412752,-0.93341064,-0.96996611,"STANDING","Train"
0.2783618,-0.013656893,-0.12915439,-0.96117408,-0.83703332,-0.94396296,"STANDING","Train"
0.30643156,0.027459372,-0.10407181,-0.96389168,-0.79934644,-0.92792394,"STANDING","Train"
0.28749007,0.016839126,-0.06516443,-0.95645053,-0.76321939,-0.90005551,"STANDING","Train"
0.26287883,-0.022379352,-0.083592456,-0.96105717,-0.78115868,-0.87578033,"STANDING","Train"
0.27687455,-0.018606634,-0.112972,-0.99553121,-0.97702551,-0.98667852,"STANDING","Train"
0.2792417,-0.017290162,-0.11394039,-0.99828462,-0.98913519,-0.98617287,"STANDING","Train"
0.27717497,-0.014712802,-0.10675647,-0.99918834,-0.99052638,-0.99336501,"STANDING","Train"
0.26076161,-0.035370696,-0.13730782,-0.97372342,-0.9291499,-0.87500058,"STANDING","Train"
0.24847403,-0.037999251,-0.030083776,-0.94940422,-0.85923474,-0.78684182,"STANDING","Train"
0.28451133,-0.0085448131,-0.089976474,-0.99444689,-0.9791183,-0.97744618,"STANDING","Train"
0.2801349,-0.013916951,-0.10637048,-0.99769492,-0.98751567,-0.99040744,"STANDING","Train"
0.2852744,-0.0045132061,-0.1137861,-0.99416918,-0.95691531,-0.97684809,"STANDING","Train"
0.27239664,-0.023659196,-0.11324183,-0.99029079,-0.91634568,-0.97697957,"STANDING","Train"
0.43020885,0.10254087,-0.0556042,-0.92166609,-0.60804412,-0.79404022,"STANDING","Train"
0.29495455,0.009075787,-0.10264411,-0.97554222,-0.80890375,-0.90624761,"STANDING","Train"
0.27942505,-0.014947411,-0.1101951,-0.99698312,-0.99453026,-0.98363505,"STANDING","Train"
0.27526076,-0.016105674,-0.10343073,-0.99577942,-0.97855604,-0.99234774,"STANDING","Train"
0.28247452,-0.011067786,-0.13255126,-0.99161924,-0.95189574,-0.95434494,"STANDING","Train"
0.27394901,-0.021795449,-0.11743596,-0.9958287,-0.9846918,-0.98680949,"STANDING","Train"
0.28827279,-0.006332133,-0.10540087,-0.98050767,-0.95000158,-0.97848189,"STANDING","Train"
0.27368218,-0.019975668,-0.10754792,-0.99690186,-0.97694701,-0.99288615,"STANDING","Train"
0.27773106,-0.018210718,-0.10918803,-0.99749074,-0.99322197,-0.99612795,"STANDING","Train"
0.27664268,-0.016755348,-0.099381423,-0.99757572,-0.9870249,-0.99563498,"STANDING","Train"
0.32236308,0.034225504,-0.05735073,-0.96959958,-0.79992743,-0.89611149,"STANDING","Train"
0.27739954,-0.015537024,-0.11087508,-0.99798565,-0.98991133,-0.9940607,"STANDING","Train"
0.27487138,-0.019577012,-0.1118923,-0.99877032,-0.99433058,-0.99631596,"STANDING","Train"
0.27293268,-0.039067631,-0.11017159,-0.91668203,-0.78666471,-0.85895319,"STANDING","Train"
0.27436388,-0.023361777,-0.11033551,-0.99708947,-0.98878065,-0.9805598,"STANDING","Train"
0.27475366,-0.020102285,-0.12120311,-0.99845548,-0.97979641,-0.99549304,"STANDING","Train"
0.27872042,-0.014508176,-0.11530914,-0.99803797,-0.98579434,-0.99845546,"STANDING","Train"
0.2745262,-0.025134082,-0.12251223,-0.99393011,-0.96387999,-0.95934962,"STANDING","Train"
0.27997806,-0.015505193,-0.10621291,-0.99801874,-0.99137526,-0.99230109,"STANDING","Train"
0.27392022,-0.015952619,-0.098662111,-0.99015382,-0.96427662,-0.98675441,"STANDING","Train"
0.27743247,-0.030488303,-0.12536043,-0.99655926,-0.96672843,-0.98158533,"STANDING","Train"
0.27662877,-0.016569655,-0.11536185,-0.99813862,-0.98081727,-0.99048163,"STANDING","Train"
0.27903836,-0.014800378,-0.11684896,-0.99694116,-0.98186562,-0.98257653,"STANDING","Train"
0.27970111,-0.015808416,-0.10892197,-0.99875228,-0.99407978,-0.99191232,"STANDING","Train"
0.278426,-0.017091944,-0.12529627,-0.99415676,-0.98700963,-0.98204621,"STANDING","Train"
0.27965306,-0.019467156,-0.11346169,-0.99537956,-0.96718701,-0.97894396,"STANDING","Train"
0.27719877,-0.01009785,-0.10513725,-0.99733496,-0.99048681,-0.99542003,"STANDING","Train"
0.26580577,-0.032762393,-0.11731189,-0.99267758,-0.95104936,-0.97602096,"STANDING","Train"
0.27945388,-0.019640776,-0.11002215,-0.99692104,-0.96718593,-0.98311783,"STANDING","Train"
0.27917394,-0.026200646,-0.12328257,-0.99609149,-0.9834027,-0.9906751,"STANDING","Train"
0.23601277,-0.026913144,0.18639534,-0.85411227,-0.79511089,-0.60579374,"STANDING","Train"
0.27380646,-0.019735938,-0.11988703,-0.99843174,-0.97745674,-0.98177192,"STANDING","Train"
0.2731223,-0.024140671,-0.091799885,-0.99092586,-0.95604719,-0.97394954,"LAYING","Train"
0.25924966,-0.010370885,-0.10117466,-0.97789896,-0.90492617,-0.92723312,"LAYING","Train"
0.27575263,-0.016788627,-0.10562315,-0.99497148,-0.99383336,-0.99862454,"LAYING","Train"
0.27831632,-0.018048727,-0.10840311,-0.99566688,-0.99187043,-0.99635754,"LAYING","Train"
0.31932383,-0.024865202,-0.099798821,-0.96703313,-0.97373558,-0.97617628,"LAYING","Train"
0.27885089,-0.016544181,-0.10901088,-0.99466309,-0.99543722,-0.99647999,"LAYING","Train"
0.26307307,-0.020708401,-0.10415558,-0.91935324,-0.76709802,-0.79750281,"LAYING","Train"
0.280936,-0.018769082,-0.10783636,-0.99565952,-0.9787391,-0.98629012,"LAYING","Train"
0.27076432,-0.019818107,-0.10195511,-0.98618552,-0.95022983,-0.97258726,"LAYING","Train"
0.28778228,-0.020286286,-0.10224496,-0.98034624,-0.93565434,-0.966177,"LAYING","Train"
0.39365355,-0.023633221,-0.12592376,-0.96229044,-0.94488138,-0.9010443,"LAYING","Train"
0.27408717,-0.014713512,-0.11480583,-0.98713066,-0.9668989,-0.98004833,"LAYING","Train"
0.28931482,-0.014115319,-0.11553447,-0.97965452,-0.96952623,-0.96262742,"LAYING","Train"
0.25651512,-0.014986371,-0.10452499,-0.98838558,-0.96045901,-0.97100179,"LAYING","Train"
0.28684091,-0.013721018,-0.11928331,-0.96954747,-0.91403264,-0.95057684,"LAYING","Train"
0.28202074,-0.017589649,-0.10793379,-0.99523745,-0.99659185,-0.99515189,"LAYING","Train"
-0.066238871,0.07922905,-1,-0.68377891,-0.53851271,-0.085059822,"LAYING","Train"
0.28919046,-0.016912076,-0.1092038,-0.99266935,-0.97592785,-0.99026325,"LAYING","Train"
0.27903686,-0.016669682,-0.10935435,-0.99513738,-0.99481239,-0.99520044,"LAYING","Train"
0.2591151,-0.017985103,-0.12024506,-0.95706759,-0.94990104,-0.82490842,"LAYING","Train"
0.29230775,-0.00692865,-0.029339182,-0.96002148,-0.92420225,-0.65180555,"LAYING","Train"
0.32588645,0.00081689933,0.016658077,-0.98240327,-0.94670845,-0.73615522,"LAYING","Train"
0.30005315,-0.018087248,-0.10818389,-0.98194347,-0.98287187,-0.93625941,"LAYING","Train"
0.28882018,-0.015725603,-0.11301861,-0.97683445,-0.94886501,-0.95838619,"LAYING","Train"
0.30174345,-0.010642162,-0.12663126,-0.97868569,-0.96416558,-0.95771146,"LAYING","Train"
0.24389788,-0.027628987,-0.18227212,-0.96710073,-0.94090804,-0.76724462,"LAYING","Train"
0.18047854,-0.042535659,-0.28056106,-0.95675297,-0.93951623,-0.76304873,"LAYING","Train"
0.20896421,-0.022742569,-0.16644945,-0.95384561,-0.93132033,-0.72608707,"LAYING","Train"
0.28226646,-0.029489979,-0.089357985,-0.94004604,-0.90739022,-0.9567118,"LAYING","Train"
0.27837321,-0.020560964,-0.096824565,-0.98488259,-0.99111837,-0.98211178,"LAYING","Train"
0.27655526,-0.01786855,-0.10762126,-0.9941946,-0.99637166,-0.99561514,"LAYING","Train"
0.27957476,-0.017275722,-0.10948053,-0.99613535,-0.99581156,-0.99868915,"LAYING","Train"
0.27652699,-0.0168191,-0.10798311,-0.99677544,-0.99725636,-0.99542164,"LAYING","Train"
0.27812334,-0.017146303,-0.10801374,-0.99492812,-0.99835905,-0.99201143,"LAYING","Train"
0.27800654,-0.01780317,-0.10896485,-0.9944254,-0.99487263,-0.99488582,"LAYING","Train"
0.2802064,-0.01839626,-0.10748863,-0.99647493,-0.99406876,-0.99186131,"LAYING","Train"
0.28809417,-0.022759306,-0.13505802,-0.98641338,-0.99274935,-0.98323553,"LAYING","Train"
0.27676588,-0.018060289,-0.12013176,-0.99101601,-0.98529915,-0.95284326,"LAYING","Train"
0.27672941,-0.017209548,-0.10563797,-0.99478811,-0.99103132,-0.99318722,"LAYING","Train"
0.27588359,-0.016150309,-0.10882921,-0.99551063,-0.99554804,-0.9940008,"LAYING","Train"
0.27783021,-0.017684054,-0.1057035,-0.99614315,-0.99596875,-0.9948886,"LAYING","Train"
0.27937115,-0.017644953,-0.10818111,-0.99523683,-0.99581009,-0.99443045,"LAYING","Train"
0.019016151,-0.0070373566,-0.028333356,-0.66129361,-0.71335257,-0.70115517,"LAYING","Train"
0.3402085,-0.036452984,-0.10625819,-0.95859648,-0.90805582,-0.98466948,"LAYING","Train"
-0.16642569,-0.11935251,0.13303497,-0.63313536,-0.18977503,-0.31933629,"LAYING","Train"
-0.23910256,-0.096904391,0.14803461,-0.63732529,-0.12769222,-0.25892403,"LAYING","Train"
0.34696848,0.069408647,-0.20082552,-0.80390335,-0.74174219,-0.60538234,"LAYING","Train"
0.29412126,-0.015314462,-0.11139625,-0.99154764,-0.96403201,-0.98010513,"LAYING","Train"
0.30383319,0.1036482,-0.24533103,-0.75599409,-0.64257064,-0.6955007,"LAYING","Train"
-0.36120533,-0.26812111,0.17689637,-0.59939182,0.53250573,0.0043240256,"LAYING","Train"
-0.27706634,-0.68409659,0.34665772,-0.59641047,0.024682958,-0.16040449,"LAYING","Train"
0.2574765,-0.41386534,0.017374188,-0.91966606,0.075259481,-0.63071563,"LAYING","Train"
0.27683965,-0.02714766,-0.1231748,-0.97739515,-0.58759988,-0.97067028,"LAYING","Train"
0.26865095,0.016430154,-0.10372571,-0.98569313,-0.89590544,-0.98819508,"LAYING","Train"
0.28526329,-0.008888811,-0.10374518,-0.99549458,-0.97982784,-0.99541907,"LAYING","Train"
0.28347732,-0.0075244582,-0.10928717,-0.99458009,-0.98676377,-0.99609334,"LAYING","Train"
0.27302712,-0.010196757,-0.11115339,-0.9931253,-0.990001,-0.99540821,"LAYING","Train"
-0.083287063,0.010297707,-0.51608391,-0.73819996,-0.87810967,0.057095425,"LAYING","Train"
0.23982421,-0.012820186,-0.097670072,-0.97765152,-0.97916003,-0.9880648,"LAYING","Train"
0.27218141,-0.018131841,-0.10653995,-0.99025172,-0.98963756,-0.99086417,"LAYING","Train"
0.2721901,-0.017178761,-0.10991247,-0.99406749,-0.99328996,-0.99264008,"LAYING","Train"
0.27168092,-0.018231844,-0.10376982,-0.99514867,-0.99456299,-0.9892928,"LAYING","Train"
0.27270038,-0.017679919,-0.10441484,-0.99729655,-0.9972987,-0.9894406,"LAYING","Train"
0.27619261,-0.015433074,-0.11040669,-0.99550432,-0.99806717,-0.99266361,"LAYING","Train"
0.27771105,-0.017850354,-0.10929715,-0.99446285,-0.99394264,-0.9957053,"LAYING","Train"
0.2752802,-0.018206091,-0.10740518,-0.99481479,-0.99427879,-0.99723936,"LAYING","Train"
0.28817583,-0.014690457,-0.11372304,-0.9886966,-0.99320589,-0.98640452,"LAYING","Train"
0.292282,-0.014277655,-0.11915816,-0.98712581,-0.99187771,-0.98606628,"LAYING","Train"
0.40347433,-0.015074404,-0.11816739,-0.91481115,-0.89523112,-0.89174811,"LAYING","Train"
0.27263222,-0.016716655,-0.10755375,-0.9880959,-0.98830459,-0.98381925,"LAYING","Train"
0.26563017,-0.018372323,-0.10120445,-0.99291698,-0.98817997,-0.98938679,"LAYING","Train"
0.27593368,-0.018447236,-0.10577173,-0.99574178,-0.99399885,-0.99372385,"LAYING","Train"
0.28076891,-0.017289589,-0.10883655,-0.99633736,-0.99333979,-0.99716989,"LAYING","Train"
0.27424221,-0.016037614,-0.11276997,-0.99476683,-0.99302616,-0.99524482,"LAYING","Train"
0.2816654,-0.017570074,-0.11073427,-0.99444613,-0.99403787,-0.99451423,"LAYING","Train"
0.27714164,-0.01806797,-0.11041766,-0.99502039,-0.99533986,-0.99241301,"LAYING","Train"
0.27890115,-0.017814424,-0.10698796,-0.99585495,-0.99727068,-0.99398513,"LAYING","Train"
0.28182774,-0.018626474,-0.10527824,-0.99628711,-0.99219394,-0.99020448,"LAYING","Train"
0.27972834,-0.01600381,-0.1073364,-0.99493112,-0.99657148,-0.99415005,"LAYING","Train"
0.27603949,-0.017357172,-0.10897656,-0.99642945,-0.99240921,-0.99281446,"LAYING","Train"
0.20396243,-0.03234452,-0.096881229,-0.46550359,-0.18078545,-0.45510762,"WALKING","Test"
0.26559921,-0.015936305,-0.12074953,-0.50094969,-0.16322961,-0.38942774,"WALKING","Test"
0.26663115,-0.043309471,-0.14096216,-0.43377813,-0.10164616,-0.41532479,"WALKING","Test"
0.32505052,-0.029803725,-0.077847175,-0.46511952,0.013452774,-0.36764586,"WALKING","Test"
0.31870911,-0.037635508,-0.13241984,-0.4857706,-0.11708965,-0.37994246,"WALKING","Test"
0.32008469,-0.010838647,-0.12170815,-0.50869464,-0.14424547,-0.42732416,"WALKING","Test"
0.28420274,0.013704674,-0.11395407,-0.4186222,-0.2075538,-0.48108057,"WALKING","Test"
0.19317016,-0.010586551,-0.088769599,-0.45619042,-0.1118152,-0.42346766,"WALKING","Test"
0.19471487,-0.020176701,-0.049544661,-0.43733437,-0.096034303,-0.33753382,"WALKING","Test"
0.34969095,-0.030496088,-0.10829783,-0.43251962,-0.10645645,-0.33723803,"WALKING","Test"
0.24934321,-0.003410981,-0.056041574,-0.39947643,-0.13784483,-0.46127072,"WALKING","Test"
0.21102476,-0.00058166814,-0.096443768,-0.44507331,-0.20747868,-0.47564538,"WALKING","Test"
0.30880812,-0.022128064,-0.13210431,-0.51482627,0.032008875,-0.34900284,"WALKING","Test"
0.33314426,-0.043446917,-0.12619938,-0.36324256,-0.096308953,-0.39038358,"WALKING","Test"
0.18741915,-0.011533248,-0.10650963,-0.45085366,-0.19630865,-0.45986952,"WALKING","Test"
0.23748279,0.0021969913,-0.048945315,-0.41352818,-0.16717209,-0.41275989,"WALKING","Test"
0.35782982,-0.013519015,-0.13127164,-0.45242107,-0.14979588,-0.4016534,"WALKING","Test"
0.29771925,-0.020939986,-0.11438786,-0.42328085,-0.1925867,-0.4015868,"WALKING","Test"
0.30870458,-0.024987159,-0.1238269,-0.40927888,-0.16756154,-0.43056196,"WALKING","Test"
0.33150518,-0.036584496,-0.10886677,-0.4146128,-0.16049444,-0.4266315,"WALKING","Test"
0.22981714,-0.0026481752,-0.082070626,-0.36385083,-0.084507907,-0.4022629,"WALKING","Test"
0.27822455,-0.016181738,-0.1075716,-0.99822604,-0.99043752,-0.98923957,"SITTING","Test"
0.27574674,-0.015388072,-0.10505767,-0.99581447,-0.98247951,-0.9819142,"SITTING","Test"
0.27723542,-0.025677001,-0.11843072,-0.99639048,-0.95268767,-0.96541011,"SITTING","Test"
0.27815992,-0.0076678258,-0.09927102,-0.99697493,-0.96211178,-0.987355,"SITTING","Test"
0.27871074,-0.016793927,-0.10524076,-0.99859653,-0.9906669,-0.98746213,"SITTING","Test"
0.27829493,-0.022664347,-0.11591945,-0.99724431,-0.96872118,-0.98613179,"SITTING","Test"
0.27625455,-0.016985093,-0.10885324,-0.99639413,-0.98567065,-0.98354536,"SITTING","Test"
0.27486428,-0.01561837,-0.097528302,-0.99623776,-0.98664644,-0.989707,"SITTING","Test"
0.29648714,-0.014684879,-0.13980848,-0.98771367,-0.83424238,-0.94105035,"SITTING","Test"
0.27379132,-0.041945691,-0.10724671,-0.99483845,-0.94900945,-0.98929992,"SITTING","Test"
0.27609539,-0.018046144,-0.11243656,-0.99592796,-0.96849709,-0.98746474,"SITTING","Test"
0.27767523,-0.012379484,-0.10466656,-0.99824732,-0.98968847,-0.97817711,"SITTING","Test"
0.27679437,-0.017846957,-0.099866917,-0.99683186,-0.98725167,-0.97461636,"SITTING","Test"
0.28028279,-0.019175262,-0.10932156,-0.99531257,-0.975241,-0.97892176,"SITTING","Test"
0.28540286,0.002355779,-0.16984868,-0.95371281,-0.86194417,-0.78706775,"SITTING","Test"
0.2782907,-0.014536086,-0.10524253,-0.99678611,-0.98839324,-0.98950215,"SITTING","Test"
0.28022445,-0.028037933,-0.12428498,-0.99664261,-0.9761271,-0.98747869,"SITTING","Test"
0.27664638,-0.0049748937,-0.104754,-0.99726953,-0.96546147,-0.98114499,"SITTING","Test"
0.27925474,-0.012044574,-0.11526539,-0.98482887,-0.96879944,-0.96316567,"SITTING","Test"
0.27505303,-0.024059404,-0.10589705,-0.99525842,-0.97190867,-0.98360641,"SITTING","Test"
0.27981772,-0.010396061,-0.11320248,-0.98493079,-0.95923068,-0.96438621,"SITTING","Test"
0.27579491,-0.034804666,-0.10983325,-0.99417869,-0.92858508,-0.99348617,"SITTING","Test"
0.27724091,-0.01767369,-0.12039377,-0.99512799,-0.9871038,-0.98904192,"SITTING","Test"
0.27047249,-0.0089373643,-0.095150167,-0.98563184,-0.91172769,-0.94366406,"SITTING","Test"
0.25717778,-0.02328523,-0.014653762,-0.938404,-0.92009078,-0.66768331,"STANDING","Test"
0.2757457,-0.010371994,-0.09977589,-0.99837313,-0.98693291,-0.9910219,"STANDING","Test"
0.27133883,-0.029954058,-0.11859533,-0.96093148,-0.90503507,-0.87126958,"STANDING","Test"
0.27859589,-0.015231928,-0.098908415,-0.99878507,-0.98194306,-0.99137882,"STANDING","Test"
0.27915178,-0.021879444,-0.10973077,-0.99778103,-0.99295121,-0.98568028,"STANDING","Test"
0.27454383,-0.023145294,-0.1125396,-0.99620456,-0.9915728,-0.98751828,"STANDING","Test"
0.26906631,-0.027685967,-0.11017794,-0.9968836,-0.9864395,-0.9884791,"STANDING","Test"
0.27557925,-0.018936424,-0.097409776,-0.99606469,-0.96822549,-0.98069598,"STANDING","Test"
0.28193083,-0.004880615,-0.086106145,-0.98907559,-0.95900626,-0.97302388,"STANDING","Test"
0.31107792,-0.019430625,-0.10186634,-0.9366878,-0.84018585,-0.81682639,"STANDING","Test"
0.26232825,-0.023257054,-0.12552494,-0.98456111,-0.91337982,-0.91267279,"STANDING","Test"
0.28841575,-0.003485395,-0.083827858,-0.99457065,-0.97835984,-0.97994262,"STANDING","Test"
0.28602671,-0.013163359,-0.11908252,-0.97541469,-0.9674579,-0.94495817,"STANDING","Test"
0.27116593,-0.025972908,-0.094923481,-0.97012403,-0.90187818,-0.9652996,"STANDING","Test"
0.25309467,-0.044192268,-0.13929762,-0.96892213,-0.9103836,-0.91886033,"STANDING","Test"
0.27974586,-0.018271026,-0.10399988,-0.99581919,-0.97635361,-0.97772468,"STANDING","Test"
0.29926682,0.011798517,-0.031653276,-0.94875426,-0.84418244,-0.88070536,"STANDING","Test"
0.29389749,0.01115091,-0.069281198,-0.96241329,-0.86333992,-0.85995713,"STANDING","Test"
0.27563911,-0.015565524,-0.1254582,-0.98916068,-0.96851562,-0.96872274,"STANDING","Test"
0.27225459,-0.025051205,-0.13318432,-0.99115349,-0.96354868,-0.97316133,"STANDING","Test"
0.27642711,-0.026277565,-0.12694133,-0.99298881,-0.96561954,-0.9657378,"STANDING","Test"
0.28016952,-0.014362437,-0.10047145,-0.99359232,-0.9719031,-0.97793999,"STANDING","Test"
0.27746102,-0.01584543,-0.10639347,-0.99502745,-0.97159341,-0.97872472,"STANDING","Test"
0.27548482,-0.02605042,-0.11815167,-0.99381904,-0.96992551,-0.96274798,"STANDING","Test"
0.28837469,-0.0085476599,-0.10705876,-0.99334035,-0.9619744,-0.98449309,"STANDING","Test"
0.28590496,-0.0077447295,-0.10273652,-0.99188377,-0.96571091,-0.98415868,"STANDING","Test"
0.27460055,-0.02503513,-0.11683085,-0.99559442,-0.98206892,-0.98526237,"STANDING","Test"
0.27483295,-0.027847788,-0.12952716,-0.99385248,-0.96744548,-0.97829499,"STANDING","Test"
0.27252874,-0.020954013,-0.11447249,-0.99678413,-0.97590627,-0.98659699,"STANDING","Test"
0.27921995,-0.018620399,-0.11390197,-0.99445523,-0.97041688,-0.96531629,"STANDING","Test"
0.27029822,-0.032613869,-0.11752018,-0.99474279,-0.97326761,-0.96709068,"STANDING","Test"
0.27191593,-0.019731212,-0.10278027,-0.99074021,-0.98734334,-0.99000242,"LAYING","Test"
0.33999093,-0.039323711,-0.11380871,-0.8552877,-0.88627572,-0.91776601,"LAYING","Test"
0.29089459,-0.012652477,-0.11315576,-0.98930153,-0.99094197,-0.99122081,"LAYING","Test"
0.3009048,-0.023610414,-0.096890735,-0.98681212,-0.974874,-0.9869338,"LAYING","Test"
0.29301384,-0.01607838,-0.11018298,-0.98371207,-0.97530943,-0.98214793,"LAYING","Test"
0.27205902,-0.021271356,-0.10063642,-0.99521892,-0.99197156,-0.99657104,"LAYING","Test"
0.17376905,-0.024869125,-0.094733441,-0.8938616,-0.94420408,-0.96082431,"LAYING","Test"
0.27631974,-0.017844672,-0.10385552,-0.99576459,-0.99564856,-0.9942946,"LAYING","Test"
0.27869543,-0.017640511,-0.10511841,-0.99746842,-0.99845545,-0.99334269,"LAYING","Test"
0.28026202,-0.018697516,-0.10968549,-0.99612342,-0.99807443,-0.99196657,"LAYING","Test"
0.29238966,-0.014798532,-0.11487816,-0.99280911,-0.99112641,-0.99202521,"LAYING","Test"
0.27616038,-0.018258159,-0.10492036,-0.97000881,-0.98965068,-0.9862869,"LAYING","Test"
0.27628845,-0.020230299,-0.099639409,-0.9720728,-0.99289582,-0.98776726,"LAYING","Test"
0.323685,-0.015714002,-0.11094539,-0.97812842,-0.99262693,-0.98885228,"LAYING","Test"
0.27524826,-0.016467107,-0.11215011,-0.96345392,-0.99113223,-0.98983504,"LAYING","Test"
0.32773332,-0.012972104,-0.10934048,-0.91832647,-0.9739953,-0.96697887,"LAYING","Test"
0.26238254,-0.020021626,-0.099674861,-0.96097213,-0.99090799,-0.98377812,"LAYING","Test"
0.28567994,-0.021402652,-0.099788959,-0.98882456,-0.99010644,-0.99850164,"LAYING","Test"
0.29490692,-0.017273605,-0.10855348,-0.97238323,-0.99040729,-0.99071755,"LAYING","Test"
0.2673108,-0.017739291,-0.10418492,-0.97618683,-0.98801979,-0.99327413,"LAYING","Test"
0.29493279,-0.018148994,-0.10870259,-0.97149269,-0.98887703,-0.99356016,"LAYING","Test"
0.2843065,-0.017380345,-0.10824585,-0.97250517,-0.99019849,-0.98989676,"LAYING","Test"
0.27747775,-0.017918468,-0.10552646,-0.97290191,-0.98988889,-0.98890697,"LAYING","Test"
0.31454279,-0.015639484,-0.11205392,-0.97482366,-0.99079803,-0.99323782,"LAYING","Test"